[
  {
    "id" : "0",
    "img" : "Minion-Cake-icon.png",
    "title" : "Cake",
    "count" : 0
  },
  {
    "id" : "1",
    "img" : "Minion-Curious-icon.png",
    "title" : "Curious",
    "count" : 0
  },
  {
    "id" : "2",
    "img" : "Minion-Dancing-icon.png",
    "title" : "Dancing",
    "count" : 0
  },
  {
    "id" : "3",
    "img" : "Minion-Evil-3-icon.png",
    "title" : "Evil-3",
    "count" : 0
  },
  {
    "id" : "4",
    "img" : "Minion-Happy-icon.png",
    "title" : "Happy",
    "count" : 0
  },
  {
    "id" : "5",
    "img" : "Minion-Girl-icon.png",
    "title" : "Girl",
    "count" : 0
  },
  {
    "id" : "6",
    "img" : "Minion-Hello-icon.png",
    "title" : "Hello",
    "count" : 0
  },
  {
    "id" : "7",
    "img" : "Minion-Kungfu-icon.png",
    "title" : "Kungfu",
    "count" : 0
  },
  {
    "id" : "8",
    "img" : "Minion-Maid-icon.png",
    "title" : "Maid",
    "count" : 0
  },
  {
    "id" : "9",
    "img" : "Minion-Shout-icon.png",
    "title" : "Shout",
    "count" : 0
  },
  {
    "id" : "10",
    "img" : "Minion-Amazed-icon.png",
    "title" : "Amazed",
    "count" : 0
  },
  {
    "id" : "11",
    "img" : "Minion-Bananas-icon.png",
    "title" : "Bananas",
    "count" : 0
  },
  {
    "id" : "12",
    "img" : "Minion-Fruits-icon.png",
    "title" : "Fruits",
    "count" : 0
  },
  {
    "id" : "13",
    "img" : "Minion-Reading-icon.png",
    "title" : "Reading",
    "count" : 0
  },
  {
    "id" : "14",
    "img" : "Minion-Evil-icon.png",
    "title" : "Evil",
    "count" : 0
  },
  {
    "id" : "15",
    "img" : "Minion-Playing-Golf-icon.png",
    "title" : "Playing-Golf",
    "count" : 0
  }
]